IdFattura,DataFattura,IdCliente,Nome,Cognome,Nazione,Regione,IdProdotto,PrezzoUnitario,Quantita,ImponibileRiga
1,2018-08-12,35,Giovanni,A1B14,Italia,Molise,4,28,80,28,806,40
1,2018-08-12,35,Giovanni,A1B14,Italia,Molise,13,38,00,24,912,00
2,2018-07-23,39,Maria,7498F,Italia,Molise,1,7,30,18,131,40
2,2018-07-23,39,Maria,7498F,Italia,Molise,3,14,40,4,57,60
2,2018-07-23,39,Maria,7498F,Italia,Molise,9,12,00,43,516,00
2,2018-07-23,39,Maria,7498F,Italia,Molise,10,7,00,14,98,00
2,2018-07-23,39,Maria,7498F,Italia,Molise,29,4,50,46,207,00
3,2018-08-25,10,Giovanni,B819C,Italia,Toscana,1,23,25,17,395,25
3,2018-08-25,10,Giovanni,B819C,Italia,Toscana,13,39,00,2,78,00
3,2018-08-25,10,Giovanni,B819C,Italia,Toscana,22,36,40,34,1237,60
4,2018-12-03,10,Giovanni,B819C,Italia,Toscana,2,27,80,26,722,80
4,2018-12-03,10,Giovanni,B819C,Italia,Toscana,7,18,00,29,522,00
4,2018-12-03,10,Giovanni,B819C,Italia,Toscana,11,44,00,18,792,00
5,2018-11-15,29,Frank,3D18C,Italia,Lombardia,4,9,65,1,9,65
5,2018-11-15,29,Frank,3D18C,Italia,Lombardia,20,53,00,33,1749,00
5,2018-11-15,29,Frank,3D18C,Italia,Lombardia,22,49,30,37,1824,10
6,2018-07-26,15,Giovanni,964A8,Italia,Toscana,3,6,20,39,241,80
6,2018-07-26,15,Giovanni,964A8,Italia,Toscana,7,30,40,16,486,40
6,2018-07-26,15,Giovanni,964A8,Italia,Toscana,26,31,00,38,1178,00
7,2018-01-28,35,Giovanni,A1B14,Italia,Molise,3,81,00,1,81,00
7,2018-01-28,35,Giovanni,A1B14,Italia,Molise,5,25,89,32,828,48
7,2018-01-28,35,Giovanni,A1B14,Italia,Molise,24,10,00,1,10,00
8,2018-03-27,21,Francesco,D1D69,Italia,Piemonte,3,32,80,12,393,60
8,2018-03-27,21,Francesco,D1D69,Italia,Piemonte,15,11,20,14,156,80
8,2018-03-27,21,Francesco,D1D69,Italia,Piemonte,23,6,00,23,138,00
9,2018-06-27,40,Giovanni,DC2AF,Italia,Molise,29,15,00,11,165,00
10,2018-11-28,35,Giovanni,A1B14,Italia,Molise,14,6,00,50,300,00
10,2018-11-28,35,Giovanni,A1B14,Italia,Molise,17,53,00,38,2014,00
10,2018-11-28,35,Giovanni,A1B14,Italia,Molise,18,27,80,41,1139,80
11,2018-05-11,32,Maria,D252B,Italia,Puglia,8,33,25,9,299,25
11,2018-05-11,32,Maria,D252B,Italia,Puglia,11,7,00,32,224,00
11,2018-05-11,32,Maria,D252B,Italia,Puglia,18,20,70,28,579,60
12,2018-08-11,22,Franca,83570,Italia,Piemonte,3,12,50,47,587,50
12,2018-08-11,22,Franca,83570,Italia,Piemonte,6,10,00,16,160,00
12,2018-08-11,22,Franca,83570,Italia,Piemonte,23,7,00,42,294,00
12,2018-08-11,22,Franca,83570,Italia,Piemonte,24,31,23,50,1561,50
13,2018-09-09,7,Irene,AE2C7,Italia,Sicilia,2,28,50,46,1311,00
14,2018-01-22,13,Francesco,E487B,Italia,Toscana,6,123,79,48,5941,92
14,2018-01-22,13,Francesco,E487B,Italia,Toscana,26,210,80,24,5059,20
15,2018-09-12,22,Franca,83570,Italia,Piemonte,2,18,00,7,126,00
15,2018-09-12,22,Franca,83570,Italia,Piemonte,5,39,00,47,1833,00
15,2018-09-12,22,Franca,83570,Italia,Piemonte,28,12,00,26,312,00
16,2018-10-20,10,Giovanni,B819C,Italia,Toscana,22,2,50,46,115,00
16,2018-10-20,10,Giovanni,B819C,Italia,Toscana,25,43,90,11,482,90
17,2018-09-27,22,Franca,83570,Italia,Piemonte,10,24,00,18,432,00
17,2018-09-27,22,Franca,83570,Italia,Piemonte,14,31,23,31,968,13
17,2018-09-27,22,Franca,83570,Italia,Piemonte,19,12,50,18,225,00
17,2018-09-27,22,Franca,83570,Italia,Piemonte,30,4,50,8,36,00
18,2018-09-07,39,Maria,7498F,Italia,Molise,5,9,00,25,225,00
18,2018-09-07,39,Maria,7498F,Italia,Molise,7,4,80,6,28,80
18,2018-09-07,39,Maria,7498F,Italia,Molise,11,21,50,23,494,50
18,2018-09-07,39,Maria,7498F,Italia,Molise,27,7,45,44,327,80
18,2018-09-07,39,Maria,7498F,Italia,Molise,30,16,00,1,16,00
19,2018-12-07,40,Giovanni,DC2AF,Italia,Molise,2,13,00,3,39,00
19,2018-12-07,40,Giovanni,DC2AF,Italia,Molise,4,10,00,46,460,00
20,2018-08-09,30,Seth,4C72C,Italia,Puglia,9,7,75,42,325,50
20,2018-08-09,30,Seth,4C72C,Italia,Puglia,12,27,80,40,1112,00
20,2018-08-09,30,Seth,4C72C,Italia,Puglia,28,19,00,44,836,00
21,2018-01-16,4,Giovanna,270BC,Italia,Lazio,1,9,50,39,370,50
21,2018-01-16,4,Giovanna,270BC,Italia,Lazio,9,9,65,49,472,85
21,2018-01-16,4,Giovanna,270BC,Italia,Lazio,11,24,00,7,168,00
21,2018-01-16,4,Giovanna,270BC,Italia,Lazio,18,10,00,44,440,00
21,2018-01-16,4,Giovanna,270BC,Italia,Lazio,22,10,40,36,374,40
21,2018-01-16,4,Giovanna,270BC,Italia,Lazio,27,7,00,17,119,00
22,2018-08-13,13,Francesco,E487B,Italia,Toscana,11,19,00,46,874,00
22,2018-08-13,13,Francesco,E487B,Italia,Toscana,14,25,89,9,233,01
22,2018-08-13,13,Francesco,E487B,Italia,Toscana,19,38,00,4,152,00
23,2018-06-12,18,Fabio,5E4AA,Italia,Toscana,6,13,00,23,299,00
23,2018-06-12,18,Fabio,5E4AA,Italia,Toscana,25,16,80,50,840,00
23,2018-06-12,18,Fabio,5E4AA,Italia,Toscana,27,12,40,25,310,00
24,2018-04-02,3,Marco,7929A,Italia,Lazio,8,27,80,35,973,00
24,2018-04-02,3,Marco,7929A,Italia,Lazio,19,4,80,37,177,60
25,2019-03-18,24,Marina,C8229,Italia,Piemonte,6,14,00,24,336,00
25,2019-03-18,24,Marina,C8229,Italia,Piemonte,10,8,00,49,392,00
25,2019-03-18,24,Marina,C8229,Italia,Piemonte,30,15,00,17,255,00
26,2019-10-21,15,Giovanni,964A8,Italia,Toscana,10,28,50,26,741,00
26,2019-10-21,15,Giovanni,964A8,Italia,Toscana,16,45,60,31,1413,60
27,2019-12-02,7,Irene,AE2C7,Italia,Sicilia,16,25,89,28,724,92
27,2019-12-02,7,Irene,AE2C7,Italia,Sicilia,24,22,80,5,114,00
28,2019-06-08,27,Vera,4AD27,Italia,Lombardia,3,14,00,1,14,00
28,2019-06-08,27,Vera,4AD27,Italia,Lombardia,24,9,50,11,104,50
29,2019-01-10,19,Fabrizio,135D4,Italia,Toscana,6,39,40,15,591,00
29,2019-01-10,19,Fabrizio,135D4,Italia,Toscana,22,23,25,5,116,25
30,2019-08-06,16,Scott,BE788,Italia,Toscana,5,21,50,18,387,00
30,2019-08-06,16,Scott,BE788,Italia,Toscana,22,6,00,11,66,00
31,2019-02-22,36,Maria,0F0FF,Italia,Molise,20,46,00,46,2116,00
31,2019-02-22,36,Maria,0F0FF,Italia,Molise,25,20,00,19,380,00
31,2019-02-22,36,Maria,0F0FF,Italia,Molise,30,15,00,4,60,00
32,2019-06-11,24,Marina,C8229,Italia,Piemonte,8,11,20,19,212,80
32,2019-06-11,24,Marina,C8229,Italia,Piemonte,11,14,00,13,182,00
34,2019-03-14,25,Cristina,480D8,Italia,Lombardia,1,16,80,40,672,00
34,2019-03-14,25,Cristina,480D8,Italia,Lombardia,2,18,00,38,684,00
34,2019-03-14,25,Cristina,480D8,Italia,Lombardia,20,8,00,26,208,00
34,2019-03-14,25,Cristina,480D8,Italia,Lombardia,29,19,00,19,361,00
35,2019-07-05,7,Irene,AE2C7,Italia,Sicilia,1,20,00,4,80,00
35,2019-07-05,7,Irene,AE2C7,Italia,Sicilia,4,14,40,11,158,40
35,2019-07-05,7,Irene,AE2C7,Italia,Sicilia,5,31,00,44,1364,00
35,2019-07-05,7,Irene,AE2C7,Italia,Sicilia,25,14,70,41,602,70
36,2019-05-18,12,Giuseppe,BF519,Italia,Toscana,7,38,00,13,494,00
36,2019-05-18,12,Giuseppe,BF519,Italia,Toscana,12,18,00,48,864,00
36,2019-05-18,12,Giuseppe,BF519,Italia,Toscana,16,13,00,5,65,00
36,2019-05-18,12,Giuseppe,BF519,Italia,Toscana,19,12,50,1,12,50
36,2019-05-18,12,Giuseppe,BF519,Italia,Toscana,29,9,80,1,9,80
37,2019-07-23,33,Nello,6E40C,Italia,Puglia,14,12,00,35,420,00
38,2019-03-03,34,Mino,75332,Italia,Puglia,18,23,25,5,116,25
39,2019-05-19,12,Giuseppe,BF519,Italia,Toscana,9,17,60,11,193,60
39,2019-05-19,12,Giuseppe,BF519,Italia,Toscana,11,49,30,14,690,20
40,2019-03-14,31,Giovanni,7AD14,Italia,Puglia,29,7,70,21,161,70
40,2019-03-14,31,Giovanni,7AD14,Italia,Puglia,30,17,60,41,721,60
41,2019-04-10,9,Grazie,8F540,Italia,Sicilia,2,18,00,37,666,00
41,2019-04-10,9,Grazie,8F540,Italia,Sicilia,13,26,20,30,786,00
41,2019-04-10,9,Grazie,8F540,Italia,Sicilia,16,7,00,47,329,00
41,2019-04-10,9,Grazie,8F540,Italia,Sicilia,28,15,60,13,202,80
42,2019-12-08,40,Giovanni,DC2AF,Italia,Molise,3,17,60,29,510,40
42,2019-12-08,40,Giovanni,DC2AF,Italia,Molise,11,9,20,43,395,60
42,2019-12-08,40,Giovanni,DC2AF,Italia,Molise,13,14,00,31,434,00
42,2019-12-08,40,Giovanni,DC2AF,Italia,Molise,16,7,30,46,335,80
43,2019-06-12,36,Maria,0F0FF,Italia,Molise,4,50,00,47,2350,00
43,2019-06-12,36,Maria,0F0FF,Italia,Molise,6,62,50,48,3000,00
43,2019-06-12,36,Maria,0F0FF,Italia,Molise,23,14,40,28,403,20
43,2019-06-12,36,Maria,0F0FF,Italia,Molise,29,19,45,26,505,70
44,2019-04-11,1,Nicola,5CF71,Francia,,16,21,50,15,322,50
44,2019-04-11,1,Nicola,5CF71,Francia,,29,12,50,30,375,00
45,2019-12-16,3,Marco,7929A,Italia,Lazio,3,10,00,19,190,00
45,2019-12-16,3,Marco,7929A,Italia,Lazio,20,14,40,43,619,20
45,2019-12-16,3,Marco,7929A,Italia,Lazio,26,31,00,32,992,00
45,2019-12-16,3,Marco,7929A,Italia,Lazio,27,19,00,13,247,00
46,2019-07-12,15,Giovanni,964A8,Italia,Toscana,4,263,50,5,1317,50
46,2019-07-12,15,Giovanni,964A8,Italia,Toscana,6,2,50,32,80,00
46,2019-07-12,15,Giovanni,964A8,Italia,Toscana,10,123,79,9,1114,11
47,2019-11-24,29,Frank,3D18C,Italia,Lombardia,7,17,00,24,408,00
47,2019-11-24,29,Frank,3D18C,Italia,Lombardia,9,7,75,24,186,00
47,2019-11-24,29,Frank,3D18C,Italia,Lombardia,12,13,25,36,477,00
47,2019-11-24,29,Frank,3D18C,Italia,Lombardia,19,18,00,8,144,00
47,2019-11-24,29,Frank,3D18C,Italia,Lombardia,30,43,90,10,439,00
48,2019-04-06,21,Francesco,D1D69,Italia,Piemonte,6,19,45,9,175,05
48,2019-04-06,21,Francesco,D1D69,Italia,Piemonte,7,8,00,4,32,00
48,2019-04-06,21,Francesco,D1D69,Italia,Piemonte,16,9,65,23,221,95
49,2019-11-03,17,Nicola,E9BF9,Italia,Toscana,13,18,00,9,162,00
49,2019-11-03,17,Nicola,E9BF9,Italia,Toscana,19,21,05,38,799,90
49,2019-11-03,17,Nicola,E9BF9,Italia,Toscana,24,15,20,18,273,60
49,2019-11-03,17,Nicola,E9BF9,Italia,Toscana,26,21,05,48,1010,40
50,2019-10-01,30,Seth,4C72C,Italia,Puglia,9,4,80,41,196,80
50,2019-10-01,30,Seth,4C72C,Italia,Puglia,14,22,00,43,946,00
51,2019-05-26,40,Giovanni,DC2AF,Italia,Molise,1,28,50,14,399,00
51,2019-05-26,40,Giovanni,DC2AF,Italia,Molise,2,14,00,49,686,00
51,2019-05-26,40,Giovanni,DC2AF,Italia,Molise,15,34,80,41,1426,80
51,2019-05-26,40,Giovanni,DC2AF,Italia,Molise,18,18,00,31,558,00
51,2019-05-26,40,Giovanni,DC2AF,Italia,Molise,25,10,00,17,170,00
53,2019-03-07,10,Giovanni,B819C,Italia,Toscana,16,34,00,49,1666,00
53,2019-03-07,10,Giovanni,B819C,Italia,Toscana,26,4,50,34,153,00
55,2019-11-06,1,Nicola,5CF71,Francia,,5,20,00,23,460,00
55,2019-11-06,1,Nicola,5CF71,Francia,,8,9,50,47,446,50
55,2019-11-06,1,Nicola,5CF71,Francia,,18,8,00,46,368,00
55,2019-11-06,1,Nicola,5CF71,Francia,,20,13,00,3,39,00
55,2019-11-06,1,Nicola,5CF71,Francia,,22,16,25,41,666,25
55,2019-11-06,1,Nicola,5CF71,Francia,,25,5,90,12,70,80
55,2019-11-06,1,Nicola,5CF71,Francia,,28,26,20,36,943,20
56,2019-05-26,7,Irene,AE2C7,Italia,Sicilia,6,33,25,37,1230,25
56,2019-05-26,7,Irene,AE2C7,Italia,Sicilia,21,16,00,26,416,00
57,2019-04-02,8,Maria,31C3C,Italia,Sicilia,12,18,00,28,504,00
57,2019-04-02,8,Maria,31C3C,Italia,Sicilia,18,7,45,35,260,75
57,2019-04-02,8,Maria,31C3C,Italia,Sicilia,29,9,50,9,85,50
58,2019-04-28,2,Giovanni,A83C2,Italia,Lazio,1,19,45,47,914,15
59,2019-02-01,17,Nicola,E9BF9,Italia,Toscana,1,7,75,47,364,25
59,2019-02-01,17,Nicola,E9BF9,Italia,Toscana,27,55,00,12,660,00
60,2019-09-05,6,Fabrizio,8A9FD,Italia,Sicilia,6,2,50,33,82,50
60,2019-09-05,6,Fabrizio,8A9FD,Italia,Sicilia,15,22,00,40,880,00
60,2019-09-05,6,Fabrizio,8A9FD,Italia,Sicilia,30,45,60,47,2143,20
61,2019-06-02,25,Cristina,480D8,Italia,Lombardia,8,62,50,29,1812,50
61,2019-06-02,25,Cristina,480D8,Italia,Lombardia,10,49,30,39,1922,70
61,2019-06-02,25,Cristina,480D8,Italia,Lombardia,11,6,00,4,24,00
61,2019-06-02,25,Cristina,480D8,Italia,Lombardia,13,35,10,17,596,70
61,2019-06-02,25,Cristina,480D8,Italia,Lombardia,17,38,00,42,1596,00
62,2019-01-20,33,Nello,6E40C,Italia,Puglia,9,210,80,23,4848,40
62,2019-01-20,33,Nello,6E40C,Italia,Puglia,23,49,30,14,690,20
62,2019-01-20,33,Nello,6E40C,Italia,Puglia,26,17,20,2,34,40
63,2019-03-09,22,Franca,83570,Italia,Piemonte,25,38,00,43,1634,00
64,2019-03-05,32,Maria,D252B,Italia,Puglia,1,9,20,8,73,60
64,2019-03-05,32,Maria,D252B,Italia,Puglia,4,7,75,31,240,25
64,2019-03-05,32,Maria,D252B,Italia,Puglia,6,5,60,43,240,80
64,2019-03-05,32,Maria,D252B,Italia,Puglia,12,5,60,19,106,40
64,2019-03-05,32,Maria,D252B,Italia,Puglia,19,9,20,38,349,60
64,2019-03-05,32,Maria,D252B,Italia,Puglia,28,39,00,37,1443,00
65,2019-07-11,5,Alice,C5B4D,Italia,Sicilia,3,18,00,44,792,00
65,2019-07-11,5,Alice,C5B4D,Italia,Sicilia,5,3,60,48,172,80
65,2019-07-11,5,Alice,C5B4D,Italia,Sicilia,9,18,40,37,680,80
66,2019-08-11,28,Milo,55EDA,Italia,Lombardia,8,2,00,39,78,00
67,2019-01-11,36,Maria,0F0FF,Italia,Molise,15,4,50,16,72,00
68,2019-07-11,4,Giovanna,270BC,Italia,Lazio,8,19,00,46,874,00
68,2019-07-11,4,Giovanna,270BC,Italia,Lazio,14,14,40,18,259,20
69,2019-12-03,35,Giovanni,A1B14,Italia,Molise,14,8,00,4,32,00
69,2019-12-03,35,Giovanni,A1B14,Italia,Molise,23,2,50,7,17,50
69,2019-12-03,35,Giovanni,A1B14,Italia,Molise,27,10,00,15,150,00
70,2019-01-24,23,Maria,F3C15,Italia,Piemonte,21,23,25,41,953,25
70,2019-01-24,23,Maria,F3C15,Italia,Piemonte,24,10,00,43,430,00
70,2019-01-24,23,Maria,F3C15,Italia,Piemonte,30,16,00,22,352,00
71,2019-04-26,12,Giuseppe,BF519,Italia,Toscana,10,7,75,28,217,00
71,2019-04-26,12,Giuseppe,BF519,Italia,Toscana,23,13,00,2,26,00
72,2019-02-04,15,Giovanni,964A8,Italia,Toscana,1,16,80,37,621,60
72,2019-02-04,15,Giovanni,964A8,Italia,Toscana,2,40,00,20,800,00
72,2019-02-04,15,Giovanni,964A8,Italia,Toscana,9,7,45,44,327,80
72,2019-02-04,15,Giovanni,964A8,Italia,Toscana,15,43,90,22,965,80
72,2019-02-04,15,Giovanni,964A8,Italia,Toscana,17,15,00,31,465,00
72,2019-02-04,15,Giovanni,964A8,Italia,Toscana,27,13,00,11,143,00
72,2019-02-04,15,Giovanni,964A8,Italia,Toscana,29,15,00,49,735,00
72,2019-02-04,15,Giovanni,964A8,Italia,Toscana,30,10,40,40,416,00
73,2019-04-13,36,Maria,0F0FF,Italia,Molise,14,14,00,1,14,00
73,2019-04-13,36,Maria,0F0FF,Italia,Molise,15,99,00,48,4752,00
73,2019-04-13,36,Maria,0F0FF,Italia,Molise,17,14,40,1,14,40
73,2019-04-13,36,Maria,0F0FF,Italia,Molise,29,7,70,15,115,50
74,2019-03-21,25,Cristina,480D8,Italia,Lombardia,6,39,00,38,1482,00
74,2019-03-21,25,Cristina,480D8,Italia,Lombardia,20,22,80,32,729,60
74,2019-03-21,25,Cristina,480D8,Italia,Lombardia,21,38,00,2,76,00
75,2019-10-25,12,Giuseppe,BF519,Italia,Toscana,19,11,20,36,403,20
75,2019-10-25,12,Giuseppe,BF519,Italia,Toscana,22,24,80,33,818,40
76,2019-09-12,3,Marco,7929A,Italia,Lazio,1,21,00,24,504,00
76,2019-09-12,3,Marco,7929A,Italia,Lazio,14,2,50,1,2,50
76,2019-09-12,3,Marco,7929A,Italia,Lazio,19,6,00,23,138,00
76,2019-09-12,3,Marco,7929A,Italia,Lazio,30,25,89,10,258,90
77,2019-10-27,34,Mino,75332,Italia,Puglia,13,23,25,26,604,50
77,2019-10-27,34,Mino,75332,Italia,Puglia,19,26,60,16,425,60
78,2019-03-23,32,Maria,D252B,Italia,Puglia,11,12,00,42,504,00
78,2019-03-23,32,Maria,D252B,Italia,Puglia,19,12,50,17,212,50
78,2019-03-23,32,Maria,D252B,Italia,Puglia,23,12,50,25,312,50
78,2019-03-23,32,Maria,D252B,Italia,Puglia,26,6,00,8,48,00
79,2019-01-11,16,Scott,BE788,Italia,Toscana,1,17,45,38,663,10
79,2019-01-11,16,Scott,BE788,Italia,Toscana,11,8,00,36,288,00
79,2019-01-11,16,Scott,BE788,Italia,Toscana,15,7,75,20,155,00
79,2019-01-11,16,Scott,BE788,Italia,Toscana,21,20,80,22,457,60
79,2019-01-11,16,Scott,BE788,Italia,Toscana,24,15,00,48,720,00
80,2019-04-05,14,Mike,09070,Italia,Toscana,3,14,00,46,644,00
80,2019-04-05,14,Mike,09070,Italia,Toscana,5,5,90,24,141,60
80,2019-04-05,14,Mike,09070,Italia,Toscana,13,15,50,33,511,50
80,2019-04-05,14,Mike,09070,Italia,Toscana,16,62,50,7,437,50
81,2019-05-04,23,Maria,F3C15,Italia,Piemonte,9,22,00,50,1100,00
81,2019-05-04,23,Maria,F3C15,Italia,Piemonte,10,9,65,27,260,55
81,2019-05-04,23,Maria,F3C15,Italia,Piemonte,15,12,50,17,212,50
81,2019-05-04,23,Maria,F3C15,Italia,Piemonte,16,11,20,48,537,60
81,2019-05-04,23,Maria,F3C15,Italia,Piemonte,21,26,20,44,1152,80
81,2019-05-04,23,Maria,F3C15,Italia,Piemonte,25,10,00,48,480,00
82,2019-08-03,35,Giovanni,A1B14,Italia,Molise,4,36,80,7,257,60
82,2019-08-03,35,Giovanni,A1B14,Italia,Molise,8,7,75,33,255,75
82,2019-08-03,35,Giovanni,A1B14,Italia,Molise,9,10,40,6,62,40
82,2019-08-03,35,Giovanni,A1B14,Italia,Molise,18,4,50,35,157,50
83,2019-07-25,14,Mike,09070,Italia,Toscana,6,33,25,33,1097,25
83,2019-07-25,14,Mike,09070,Italia,Toscana,21,39,00,34,1326,00
84,2019-05-24,22,Franca,83570,Italia,Piemonte,5,6,20,43,266,60
84,2019-05-24,22,Franca,83570,Italia,Piemonte,6,49,30,50,2465,00
84,2019-05-24,22,Franca,83570,Italia,Piemonte,9,7,30,26,189,80
85,2019-03-10,15,Giovanni,964A8,Italia,Toscana,3,44,00,20,880,00
85,2019-03-10,15,Giovanni,964A8,Italia,Toscana,4,9,50,41,389,50
85,2019-03-10,15,Giovanni,964A8,Italia,Toscana,7,20,00,44,880,00
85,2019-03-10,15,Giovanni,964A8,Italia,Toscana,25,32,00,44,1408,00
85,2019-03-10,15,Giovanni,964A8,Italia,Toscana,27,9,60,11,105,60
86,2019-07-04,15,Giovanni,964A8,Italia,Toscana,5,33,25,28,931,00
86,2019-07-04,15,Giovanni,964A8,Italia,Toscana,11,36,00,42,1512,00
86,2019-07-04,15,Giovanni,964A8,Italia,Toscana,15,10,00,34,340,00
86,2019-07-04,15,Giovanni,964A8,Italia,Toscana,16,263,50,23,6060,50
87,2019-10-24,33,Nello,6E40C,Italia,Puglia,9,14,00,35,490,00
87,2019-10-24,33,Nello,6E40C,Italia,Puglia,11,8,00,31,248,00
88,2019-03-14,33,Nello,6E40C,Italia,Puglia,4,55,00,43,2365,00
88,2019-03-14,33,Nello,6E40C,Italia,Puglia,5,7,70,33,254,10
88,2019-03-14,33,Nello,6E40C,Italia,Puglia,24,20,00,50,1000,00
89,2019-04-26,20,Giovanni,7D5FA,Italia,Piemonte,4,2,50,32,80,00
89,2019-04-26,20,Giovanni,7D5FA,Italia,Piemonte,13,123,79,40,4951,60
90,2019-01-15,3,Marco,7929A,Italia,Lazio,14,8,00,16,128,00
90,2019-01-15,3,Marco,7929A,Italia,Lazio,22,9,50,30,285,00
90,2019-01-15,3,Marco,7929A,Italia,Lazio,25,44,00,32,1408,00
91,2019-12-11,40,Giovanni,DC2AF,Italia,Molise,2,62,50,1,62,50
92,2019-11-26,40,Giovanni,DC2AF,Italia,Molise,3,5,60,43,240,80
92,2019-11-26,40,Giovanni,DC2AF,Italia,Molise,24,7,75,22,170,50
93,2019-05-06,8,Maria,31C3C,Italia,Sicilia,29,25,89,28,724,92
94,2019-01-11,17,Nicola,E9BF9,Italia,Toscana,14,36,00,22,792,00
94,2019-01-11,17,Nicola,E9BF9,Italia,Toscana,25,50,00,49,2450,00
94,2019-01-11,17,Nicola,E9BF9,Italia,Toscana,29,31,00,25,775,00
95,2019-02-06,4,Giovanna,270BC,Italia,Lazio,23,9,60,40,384,00
96,2019-07-14,25,Cristina,480D8,Italia,Lombardia,1,18,00,6,108,00
96,2019-07-14,25,Cristina,480D8,Italia,Lombardia,27,14,00,31,434,00
96,2019-07-14,25,Cristina,480D8,Italia,Lombardia,29,12,00,26,312,00
97,2019-12-08,39,Maria,7498F,Italia,Molise,10,14,40,21,302,40
97,2019-12-08,39,Maria,7498F,Italia,Molise,20,2,00,8,16,00
98,2019-03-10,40,Giovanni,DC2AF,Italia,Molise,17,32,00,31,992,00
98,2019-03-10,40,Giovanni,DC2AF,Italia,Molise,25,18,60,39,725,40
98,2019-03-10,40,Giovanni,DC2AF,Italia,Molise,27,36,00,10,360,00
99,2019-05-24,5,Alice,C5B4D,Italia,Sicilia,1,13,60,40,544,00
99,2019-05-24,5,Alice,C5B4D,Italia,Sicilia,7,46,00,43,1978,00
99,2019-05-24,5,Alice,C5B4D,Italia,Sicilia,10,9,65,3,28,95
99,2019-05-24,5,Alice,C5B4D,Italia,Sicilia,12,19,50,13,253,50
99,2019-05-24,5,Alice,C5B4D,Italia,Sicilia,18,2,00,38,76,00
99,2019-05-24,5,Alice,C5B4D,Italia,Sicilia,19,9,20,33,303,60
100,2019-08-02,15,Giovanni,964A8,Italia,Toscana,19,2,50,42,105,00
101,2019-04-17,6,Fabrizio,8A9FD,Italia,Sicilia,13,32,80,38,1246,40
101,2019-04-17,6,Fabrizio,8A9FD,Italia,Sicilia,18,32,80,18,590,40
101,2019-04-17,6,Fabrizio,8A9FD,Italia,Sicilia,26,62,50,26,1625,00
101,2019-04-17,6,Fabrizio,8A9FD,Italia,Sicilia,29,263,50,1,263,50
102,2019-08-18,4,Giovanna,270BC,Italia,Lazio,8,19,00,7,133,00
102,2019-08-18,4,Giovanna,270BC,Italia,Lazio,24,39,00,17,663,00
103,2019-02-17,28,Milo,55EDA,Italia,Lombardia,3,7,75,43,333,25
104,2019-06-22,20,Giovanni,7D5FA,Italia,Piemonte,3,28,50,44,1254,00
104,2019-06-22,20,Giovanni,7D5FA,Italia,Piemonte,4,12,75,38,484,50
104,2019-06-22,20,Giovanni,7D5FA,Italia,Piemonte,13,16,80,22,369,60
104,2019-06-22,20,Giovanni,7D5FA,Italia,Piemonte,24,6,00,36,216,00
104,2019-06-22,20,Giovanni,7D5FA,Italia,Piemonte,26,10,00,39,390,00
104,2019-06-22,20,Giovanni,7D5FA,Italia,Piemonte,28,12,00,42,504,00
104,2019-06-22,20,Giovanni,7D5FA,Italia,Piemonte,29,18,00,17,306,00
105,2019-10-10,2,Giovanni,A83C2,Italia,Lazio,22,53,00,49,2597,00
105,2019-10-10,2,Giovanni,A83C2,Italia,Lazio,23,33,25,6,199,50
106,2019-06-04,13,Francesco,E487B,Italia,Toscana,20,12,00,3,36,00
107,2019-03-08,37,Luigi,9C975,Italia,Molise,26,9,50,48,456,00
108,2019-06-28,7,Irene,AE2C7,Italia,Sicilia,13,263,50,32,8432,00
108,2019-06-28,7,Irene,AE2C7,Italia,Sicilia,16,39,40,20,788,00
108,2019-06-28,7,Irene,AE2C7,Italia,Sicilia,29,13,00,45,585,00
109,2019-02-03,3,Marco,7929A,Italia,Lazio,12,14,40,42,604,80
109,2019-02-03,3,Marco,7929A,Italia,Lazio,22,36,40,37,1346,80
109,2019-02-03,3,Marco,7929A,Italia,Lazio,28,7,45,31,230,95
110,2019-03-09,17,Nicola,E9BF9,Italia,Toscana,18,28,80,32,921,60
110,2019-03-09,17,Nicola,E9BF9,Italia,Toscana,21,18,00,3,54,00
111,2019-05-15,31,Giovanni,7AD14,Italia,Puglia,2,18,00,29,522,00
111,2019-05-15,31,Giovanni,7AD14,Italia,Puglia,3,15,00,9,135,00
111,2019-05-15,31,Giovanni,7AD14,Italia,Puglia,11,9,20,50,460,00
111,2019-05-15,31,Giovanni,7AD14,Italia,Puglia,29,24,00,49,1176,00
112,2019-04-18,37,Luigi,9C975,Italia,Molise,19,12,00,22,264,00
113,2019-09-01,12,Giuseppe,BF519,Italia,Toscana,3,14,40,25,360,00
113,2019-09-01,12,Giuseppe,BF519,Italia,Toscana,25,7,00,4,28,00
114,2019-08-28,27,Vera,4AD27,Italia,Lombardia,7,18,00,23,414,00
114,2019-08-28,27,Vera,4AD27,Italia,Lombardia,14,34,80,16,556,80
114,2019-08-28,27,Vera,4AD27,Italia,Lombardia,21,19,00,40,760,00
115,2019-05-19,31,Giovanni,7AD14,Italia,Puglia,4,9,60,18,172,80
115,2019-05-19,31,Giovanni,7AD14,Italia,Puglia,12,46,00,6,276,00
115,2019-05-19,31,Giovanni,7AD14,Italia,Puglia,13,40,00,20,800,00
116,2019-11-10,24,Marina,C8229,Italia,Piemonte,2,26,60,1,26,60
116,2019-11-10,24,Marina,C8229,Italia,Piemonte,27,17,20,44,756,80
117,2019-06-15,9,Grazie,8F540,Italia,Sicilia,3,24,00,5,120,00
117,2019-06-15,9,Grazie,8F540,Italia,Sicilia,9,7,30,39,284,70
117,2019-06-15,9,Grazie,8F540,Italia,Sicilia,17,49,30,33,1626,90
117,2019-06-15,9,Grazie,8F540,Italia,Sicilia,26,4,50,37,166,50
118,2019-07-12,23,Maria,F3C15,Italia,Piemonte,5,53,00,38,2014,00
118,2019-07-12,23,Maria,F3C15,Italia,Piemonte,21,6,20,45,279,00
119,2019-10-07,24,Marina,C8229,Italia,Piemonte,9,17,45,33,575,85
119,2019-10-07,24,Marina,C8229,Italia,Piemonte,20,10,40,35,364,00
120,2019-04-25,18,Fabio,5E4AA,Italia,Toscana,27,263,50,30,7905,00
120,2019-04-25,18,Fabio,5E4AA,Italia,Toscana,28,15,00,38,570,00
121,2019-04-18,24,Marina,C8229,Italia,Piemonte,2,7,00,14,98,00
121,2019-04-18,24,Marina,C8229,Italia,Piemonte,14,14,00,1,14,00
122,2019-05-16,39,Maria,7498F,Italia,Molise,7,13,00,26,338,00
122,2019-05-16,39,Maria,7498F,Italia,Molise,17,8,00,26,208,00
122,2019-05-16,39,Maria,7498F,Italia,Molise,30,7,45,49,365,05
123,2019-11-27,5,Alice,C5B4D,Italia,Sicilia,2,55,00,13,715,00
123,2019-11-27,5,Alice,C5B4D,Italia,Sicilia,7,33,25,17,565,25
123,2019-11-27,5,Alice,C5B4D,Italia,Sicilia,11,31,00,13,403,00
123,2019-11-27,5,Alice,C5B4D,Italia,Sicilia,12,49,30,50,2465,00
123,2019-11-27,5,Alice,C5B4D,Italia,Sicilia,22,4,50,31,139,50
124,2019-03-22,33,Nello,6E40C,Italia,Puglia,12,30,40,44,1337,60
124,2019-03-22,33,Nello,6E40C,Italia,Puglia,15,123,79,16,1980,64
124,2019-03-22,33,Nello,6E40C,Italia,Puglia,25,15,60,18,280,80
124,2019-03-22,33,Nello,6E40C,Italia,Puglia,27,26,60,13,345,80
125,2019-09-17,22,Franca,83570,Italia,Piemonte,16,22,00,50,1100,00
125,2019-09-17,22,Franca,83570,Italia,Piemonte,25,53,00,30,1590,00
125,2019-09-17,22,Franca,83570,Italia,Piemonte,27,12,50,28,350,00
126,2019-08-28,12,Giuseppe,BF519,Italia,Toscana,3,10,00,49,490,00
126,2019-08-28,12,Giuseppe,BF519,Italia,Toscana,15,46,00,16,736,00
126,2019-08-28,12,Giuseppe,BF519,Italia,Toscana,21,55,00,41,2255,00
127,2019-05-16,37,Luigi,9C975,Italia,Molise,23,55,00,12,660,00
127,2019-05-16,37,Luigi,9C975,Italia,Molise,24,10,00,10,100,00
128,2019-08-27,32,Maria,D252B,Italia,Puglia,23,19,45,3,58,35
129,2019-10-05,2,Giovanni,A83C2,Italia,Lazio,3,21,00,30,630,00
129,2019-10-05,2,Giovanni,A83C2,Italia,Lazio,16,10,00,3,30,00
129,2019-10-05,2,Giovanni,A83C2,Italia,Lazio,17,42,40,35,1484,00
130,2019-11-03,34,Mino,75332,Italia,Puglia,5,15,00,30,450,00
131,2019-11-27,3,Marco,7929A,Italia,Lazio,15,24,90,30,747,00
131,2019-11-27,3,Marco,7929A,Italia,Lazio,25,32,00,25,800,00
131,2019-11-27,3,Marco,7929A,Italia,Lazio,28,31,23,30,936,90
132,2019-06-10,40,Giovanni,DC2AF,Italia,Molise,2,18,00,12,216,00
132,2019-06-10,40,Giovanni,DC2AF,Italia,Molise,25,19,00,3,57,00
133,2019-03-02,38,Mario,86498,Italia,Molise,3,6,00,22,132,00
133,2019-03-02,38,Mario,86498,Italia,Molise,18,21,00,36,756,00
133,2019-03-02,38,Mario,86498,Italia,Molise,29,81,00,32,2592,00
134,2019-01-06,10,Giovanni,B819C,Italia,Toscana,30,64,80,49,3175,20
135,2019-09-18,20,Giovanni,7D5FA,Italia,Piemonte,9,30,00,30,900,00
135,2019-09-18,20,Giovanni,7D5FA,Italia,Piemonte,13,17,20,23,395,60
135,2019-09-18,20,Giovanni,7D5FA,Italia,Piemonte,17,21,50,10,215,00
135,2019-09-18,20,Giovanni,7D5FA,Italia,Piemonte,20,15,00,15,225,00
136,2019-04-20,23,Maria,F3C15,Italia,Piemonte,20,28,50,25,712,50
137,2019-11-23,12,Giuseppe,BF519,Italia,Toscana,10,38,00,35,1330,00
137,2019-11-23,12,Giuseppe,BF519,Italia,Toscana,15,4,50,19,85,50
137,2019-11-23,12,Giuseppe,BF519,Italia,Toscana,29,21,05,4,84,20
138,2019-08-13,35,Giovanni,A1B14,Italia,Molise,16,30,00,38,1140,00
138,2019-08-13,35,Giovanni,A1B14,Italia,Molise,24,9,65,43,414,95
138,2019-08-13,35,Giovanni,A1B14,Italia,Molise,25,7,75,37,286,75
138,2019-08-13,35,Giovanni,A1B14,Italia,Molise,29,19,20,34,652,80
139,2019-05-22,29,Frank,3D18C,Italia,Lombardia,6,21,35,10,213,50
139,2019-05-22,29,Frank,3D18C,Italia,Lombardia,8,28,50,11,313,50
139,2019-05-22,29,Frank,3D18C,Italia,Lombardia,14,9,50,39,370,50
139,2019-05-22,29,Frank,3D18C,Italia,Lombardia,21,14,00,40,560,00
139,2019-05-22,29,Frank,3D18C,Italia,Lombardia,27,31,23,48,1499,04
140,2019-02-05,22,Franca,83570,Italia,Piemonte,20,18,40,49,901,60
140,2019-02-05,22,Franca,83570,Italia,Piemonte,23,123,79,2,247,58
140,2019-02-05,22,Franca,83570,Italia,Piemonte,30,11,20,18,201,60
141,2019-02-25,17,Nicola,E9BF9,Italia,Toscana,2,16,80,42,705,60
141,2019-02-25,17,Nicola,E9BF9,Italia,Toscana,8,32,00,19,608,00
141,2019-02-25,17,Nicola,E9BF9,Italia,Toscana,13,18,00,24,432,00
141,2019-02-25,17,Nicola,E9BF9,Italia,Toscana,16,31,00,37,1147,00
141,2019-02-25,17,Nicola,E9BF9,Italia,Toscana,21,6,00,41,246,00
141,2019-02-25,17,Nicola,E9BF9,Italia,Toscana,27,30,00,5,150,00
141,2019-02-25,17,Nicola,E9BF9,Italia,Toscana,28,49,30,35,1725,50
142,2019-11-06,3,Marco,7929A,Italia,Lazio,3,4,50,22,99,00
142,2019-11-06,3,Marco,7929A,Italia,Lazio,24,18,00,29,522,00
143,2019-02-08,38,Mario,86498,Italia,Molise,19,8,00,35,280,00
143,2019-02-08,38,Mario,86498,Italia,Molise,30,19,00,44,836,00
144,2019-03-15,18,Fabio,5E4AA,Italia,Toscana,1,53,00,40,2120,00
144,2019-03-15,18,Fabio,5E4AA,Italia,Toscana,2,62,50,35,2187,50
144,2019-03-15,18,Fabio,5E4AA,Italia,Toscana,7,4,50,3,13,50
144,2019-03-15,18,Fabio,5E4AA,Italia,Toscana,8,49,30,34,1676,20
144,2019-03-15,18,Fabio,5E4AA,Italia,Toscana,10,4,50,45,202,50
144,2019-03-15,18,Fabio,5E4AA,Italia,Toscana,26,2,50,30,75,00
145,2019-04-09,24,Marina,C8229,Italia,Piemonte,6,31,00,34,1054,00
145,2019-04-09,24,Marina,C8229,Italia,Piemonte,10,8,00,30,240,00
145,2019-04-09,24,Marina,C8229,Italia,Piemonte,13,9,65,9,86,85
145,2019-04-09,24,Marina,C8229,Italia,Piemonte,23,10,00,8,80,00
146,2019-09-17,32,Maria,D252B,Italia,Puglia,12,15,00,18,270,00
146,2019-09-17,32,Maria,D252B,Italia,Puglia,13,10,40,15,156,00
146,2019-09-17,32,Maria,D252B,Italia,Puglia,27,5,90,45,265,50
147,2019-05-20,32,Maria,D252B,Italia,Puglia,4,53,00,35,1855,00
147,2019-05-20,32,Maria,D252B,Italia,Puglia,5,19,50,21,409,50
147,2019-05-20,32,Maria,D252B,Italia,Puglia,9,9,50,6,57,00
147,2019-05-20,32,Maria,D252B,Italia,Puglia,16,4,80,36,172,80
147,2019-05-20,32,Maria,D252B,Italia,Puglia,23,9,20,33,303,60
147,2019-05-20,32,Maria,D252B,Italia,Puglia,27,10,00,36,360,00
148,2019-07-28,25,Cristina,480D8,Italia,Lombardia,1,14,40,5,72,00
148,2019-07-28,25,Cristina,480D8,Italia,Lombardia,2,21,35,19,405,65
148,2019-07-28,25,Cristina,480D8,Italia,Lombardia,6,35,10,18,631,80
148,2019-07-28,25,Cristina,480D8,Italia,Lombardia,17,12,00,15,180,00
148,2019-07-28,25,Cristina,480D8,Italia,Lombardia,18,18,00,31,558,00
148,2019-07-28,25,Cristina,480D8,Italia,Lombardia,23,24,90,43,1070,70
148,2019-07-28,25,Cristina,480D8,Italia,Lombardia,28,13,00,37,481,00
149,2019-06-20,33,Nello,6E40C,Italia,Puglia,22,97,00,28,2716,00
149,2019-06-20,33,Nello,6E40C,Italia,Puglia,29,12,00,13,156,00
149,2019-06-20,33,Nello,6E40C,Italia,Puglia,30,34,80,36,1252,80
150,2019-11-05,38,Mario,86498,Italia,Molise,11,38,00,8,304,00
150,2019-11-05,38,Mario,86498,Italia,Molise,16,18,40,29,533,60
152,2019-09-04,37,Luigi,9C975,Italia,Molise,6,28,50,28,798,00
152,2019-09-04,37,Luigi,9C975,Italia,Molise,10,28,50,29,826,50
152,2019-09-04,37,Luigi,9C975,Italia,Molise,18,25,00,46,1150,00
152,2019-09-04,37,Luigi,9C975,Italia,Molise,20,62,50,35,2187,50
152,2019-09-04,37,Luigi,9C975,Italia,Molise,22,55,00,39,2145,00
153,2019-10-13,39,Maria,7498F,Italia,Molise,3,49,30,20,986,00
153,2019-10-13,39,Maria,7498F,Italia,Molise,10,81,00,39,3159,00
153,2019-10-13,39,Maria,7498F,Italia,Molise,15,39,00,30,1170,00
153,2019-10-13,39,Maria,7498F,Italia,Molise,26,12,50,15,187,50
153,2019-10-13,39,Maria,7498F,Italia,Molise,29,11,20,18,201,60
153,2019-10-13,39,Maria,7498F,Italia,Molise,30,43,90,37,1624,30
154,2019-02-07,6,Fabrizio,8A9FD,Italia,Sicilia,13,18,00,34,612,00
154,2019-02-07,6,Fabrizio,8A9FD,Italia,Sicilia,20,39,00,48,1872,00
154,2019-02-07,6,Fabrizio,8A9FD,Italia,Sicilia,21,9,65,21,202,65
155,2019-02-22,32,Maria,D252B,Italia,Puglia,1,13,25,49,649,25
155,2019-02-22,32,Maria,D252B,Italia,Puglia,10,27,20,30,816,00
155,2019-02-22,32,Maria,D252B,Italia,Puglia,13,39,40,39,1536,60
155,2019-02-22,32,Maria,D252B,Italia,Puglia,28,36,00,2,72,00
156,2019-09-17,11,Maria,0074D,Italia,Toscana,13,31,23,31,968,13
156,2019-09-17,11,Maria,0074D,Italia,Toscana,14,36,00,7,252,00
156,2019-09-17,11,Maria,0074D,Italia,Toscana,16,25,89,33,854,37
156,2019-09-17,11,Maria,0074D,Italia,Toscana,24,99,00,3,297,00
156,2019-09-17,11,Maria,0074D,Italia,Toscana,28,21,00,13,273,00
157,2019-04-23,19,Fabrizio,135D4,Italia,Toscana,20,12,50,6,75,00
157,2019-04-23,19,Fabrizio,135D4,Italia,Toscana,30,27,20,32,870,40
158,2019-11-23,16,Scott,BE788,Italia,Toscana,8,18,60,37,688,20
158,2019-11-23,16,Scott,BE788,Italia,Toscana,10,210,80,27,5691,60
158,2019-11-23,16,Scott,BE788,Italia,Toscana,11,14,40,14,201,60
158,2019-11-23,16,Scott,BE788,Italia,Toscana,21,14,00,9,126,00
158,2019-11-23,16,Scott,BE788,Italia,Toscana,23,6,00,13,78,00
159,2019-11-04,4,Giovanna,270BC,Italia,Lazio,15,35,10,7,245,70
159,2019-11-04,4,Giovanna,270BC,Italia,Lazio,22,17,45,47,820,15
159,2019-11-04,4,Giovanna,270BC,Italia,Lazio,27,12,00,45,540,00
160,2019-12-28,11,Maria,0074D,Italia,Toscana,2,18,00,14,252,00
160,2019-12-28,11,Maria,0074D,Italia,Toscana,23,36,00,4,144,00
161,2019-10-11,26,Pino,5D47A,Italia,Lombardia,1,7,75,20,155,00
161,2019-10-11,26,Pino,5D47A,Italia,Lombardia,4,2,50,3,7,50
161,2019-10-11,26,Pino,5D47A,Italia,Lombardia,6,26,60,46,1223,60
161,2019-10-11,26,Pino,5D47A,Italia,Lombardia,21,10,40,6,62,40
162,2019-12-27,21,Francesco,D1D69,Italia,Piemonte,4,32,80,50,1640,00
162,2019-12-27,21,Francesco,D1D69,Italia,Piemonte,12,16,00,14,224,00
162,2019-12-27,21,Francesco,D1D69,Italia,Piemonte,21,18,00,38,684,00
163,2019-04-28,30,Seth,4C72C,Italia,Puglia,2,27,80,41,1139,80
163,2019-04-28,30,Seth,4C72C,Italia,Puglia,23,7,00,34,238,00
164,2019-06-13,20,Giovanni,7D5FA,Italia,Piemonte,2,62,50,48,3000,00
164,2019-06-13,20,Giovanni,7D5FA,Italia,Piemonte,8,31,00,26,806,00
164,2019-06-13,20,Giovanni,7D5FA,Italia,Piemonte,11,30,00,29,870,00
164,2019-06-13,20,Giovanni,7D5FA,Italia,Piemonte,28,10,00,30,300,00
165,2019-11-26,14,Mike,09070,Italia,Toscana,18,6,20,34,210,80
165,2019-11-26,14,Mike,09070,Italia,Toscana,21,4,50,43,193,50
165,2019-11-26,14,Mike,09070,Italia,Toscana,24,13,25,2,26,50
165,2019-11-26,14,Mike,09070,Italia,Toscana,25,2,50,4,10,00
165,2019-11-26,14,Mike,09070,Italia,Toscana,27,19,45,14,272,30
165,2019-11-26,14,Mike,09070,Italia,Toscana,30,25,89,26,673,14
166,2019-03-11,1,Nicola,5CF71,Francia,,10,30,40,2,60,80
166,2019-03-11,1,Nicola,5CF71,Francia,,15,18,00,38,684,00
166,2019-03-11,1,Nicola,5CF71,Francia,,21,24,00,11,264,00
166,2019-03-11,1,Nicola,5CF71,Francia,,23,123,79,42,5199,18
166,2019-03-11,1,Nicola,5CF71,Francia,,27,25,00,18,450,00
167,2019-10-17,15,Giovanni,964A8,Italia,Toscana,17,23,25,35,813,75
167,2019-10-17,15,Giovanni,964A8,Italia,Toscana,18,9,50,27,256,50
167,2019-10-17,15,Giovanni,964A8,Italia,Toscana,23,123,79,4,495,16
167,2019-10-17,15,Giovanni,964A8,Italia,Toscana,26,7,45,28,208,60
167,2019-10-17,15,Giovanni,964A8,Italia,Toscana,30,49,30,32,1577,60
168,2019-05-24,8,Maria,31C3C,Italia,Sicilia,4,30,00,18,540,00
168,2019-05-24,8,Maria,31C3C,Italia,Sicilia,7,18,00,36,648,00
168,2019-05-24,8,Maria,31C3C,Italia,Sicilia,11,38,00,12,456,00
168,2019-05-24,8,Maria,31C3C,Italia,Sicilia,30,21,50,32,688,00
169,2019-04-15,3,Marco,7929A,Italia,Lazio,12,14,70,20,294,00
169,2019-04-15,3,Marco,7929A,Italia,Lazio,23,20,80,34,707,20
169,2019-04-15,3,Marco,7929A,Italia,Lazio,26,38,00,41,1558,00
170,2019-06-04,37,Luigi,9C975,Italia,Molise,17,10,00,36,360,00
170,2019-06-04,37,Luigi,9C975,Italia,Molise,19,26,20,48,1257,60
171,2019-06-06,33,Nello,6E40C,Italia,Puglia,8,10,20,26,265,20
171,2019-06-06,33,Nello,6E40C,Italia,Puglia,14,30,00,7,210,00
172,2019-04-10,19,Fabrizio,135D4,Italia,Toscana,1,10,40,42,436,80
173,2019-10-18,13,Francesco,E487B,Italia,Toscana,8,17,45,36,628,20
173,2019-10-18,13,Francesco,E487B,Italia,Toscana,15,13,25,32,424,00
173,2019-10-18,13,Francesco,E487B,Italia,Toscana,17,30,00,50,1500,00
173,2019-10-18,13,Francesco,E487B,Italia,Toscana,19,21,50,3,64,50
173,2019-10-18,13,Francesco,E487B,Italia,Toscana,29,9,50,36,342,00
174,2019-03-15,12,Giuseppe,BF519,Italia,Toscana,13,34,00,39,1326,00
174,2019-03-15,12,Giuseppe,BF519,Italia,Toscana,15,27,20,16,435,20
175,2019-03-13,8,Maria,31C3C,Italia,Sicilia,1,8,00,24,192,00
175,2019-03-13,8,Maria,31C3C,Italia,Sicilia,2,4,50,50,225,00
175,2019-03-13,8,Maria,31C3C,Italia,Sicilia,4,17,20,13,223,60
175,2019-03-13,8,Maria,31C3C,Italia,Sicilia,9,210,80,23,4848,40
175,2019-03-13,8,Maria,31C3C,Italia,Sicilia,17,49,30,42,2070,60
175,2019-03-13,8,Maria,31C3C,Italia,Sicilia,25,30,00,4,120,00
176,2019-03-26,32,Maria,D252B,Italia,Puglia,5,31,00,10,310,00
176,2019-03-26,32,Maria,D252B,Italia,Puglia,20,24,90,1,24,90
176,2019-03-26,32,Maria,D252B,Italia,Puglia,24,53,00,16,848,00
177,2019-12-26,25,Cristina,480D8,Italia,Lombardia,16,36,00,33,1188,00
177,2019-12-26,25,Cristina,480D8,Italia,Lombardia,22,53,00,26,1378,00
177,2019-12-26,25,Cristina,480D8,Italia,Lombardia,24,15,00,13,195,00
177,2019-12-26,25,Cristina,480D8,Italia,Lombardia,25,17,00,7,119,00
177,2019-12-26,25,Cristina,480D8,Italia,Lombardia,27,43,90,4,175,60
178,2019-02-25,29,Frank,3D18C,Italia,Lombardia,2,10,00,22,220,00
178,2019-02-25,29,Frank,3D18C,Italia,Lombardia,11,18,00,36,648,00
178,2019-02-25,29,Frank,3D18C,Italia,Lombardia,26,18,60,22,409,20
179,2019-10-10,7,Irene,AE2C7,Italia,Sicilia,6,53,00,24,1272,00
179,2019-10-10,7,Irene,AE2C7,Italia,Sicilia,21,15,20,18,273,60
179,2019-10-10,7,Irene,AE2C7,Italia,Sicilia,26,34,00,30,1020,00
180,2019-04-26,1,Nicola,5CF71,Francia,,20,21,05,20,421,00
181,2019-07-15,20,Giovanni,7D5FA,Italia,Piemonte,6,30,00,30,900,00
181,2019-07-15,20,Giovanni,7D5FA,Italia,Piemonte,9,97,00,30,2910,00
181,2019-07-15,20,Giovanni,7D5FA,Italia,Piemonte,10,32,00,11,352,00
181,2019-07-15,20,Giovanni,7D5FA,Italia,Piemonte,11,31,20,41,1279,20
181,2019-07-15,20,Giovanni,7D5FA,Italia,Piemonte,13,32,80,3,98,40
181,2019-07-15,20,Giovanni,7D5FA,Italia,Piemonte,17,34,80,41,1426,80
181,2019-07-15,20,Giovanni,7D5FA,Italia,Piemonte,24,38,00,47,1786,00
181,2019-07-15,20,Giovanni,7D5FA,Italia,Piemonte,30,9,00,22,198,00
182,2019-06-13,37,Luigi,9C975,Italia,Molise,1,14,00,7,98,00
182,2019-06-13,37,Luigi,9C975,Italia,Molise,23,62,50,47,2937,50
183,2019-07-20,36,Maria,0F0FF,Italia,Molise,16,17,45,13,226,85
183,2019-07-20,36,Maria,0F0FF,Italia,Molise,29,26,60,29,771,40
183,2019-07-20,36,Maria,0F0FF,Italia,Molise,30,25,00,19,475,00
184,2019-06-15,20,Giovanni,7D5FA,Italia,Piemonte,3,53,00,13,689,00
184,2019-06-15,20,Giovanni,7D5FA,Italia,Piemonte,21,25,89,26,673,14
185,2019-03-17,32,Maria,D252B,Italia,Puglia,8,21,00,3,63,00
185,2019-03-17,32,Maria,D252B,Italia,Puglia,21,30,40,31,942,40
185,2019-03-17,32,Maria,D252B,Italia,Puglia,25,38,00,50,1900,00
186,2019-06-27,20,Giovanni,7D5FA,Italia,Piemonte,5,14,40,39,561,60
186,2019-06-27,20,Giovanni,7D5FA,Italia,Piemonte,16,16,80,15,252,00
186,2019-06-27,20,Giovanni,7D5FA,Italia,Piemonte,19,4,80,22,105,60
186,2019-06-27,20,Giovanni,7D5FA,Italia,Piemonte,29,7,45,24,178,80
188,2019-08-05,2,Giovanni,A83C2,Italia,Lazio,8,5,90,35,206,50
188,2019-08-05,2,Giovanni,A83C2,Italia,Lazio,22,53,00,9,477,00
189,2019-10-07,31,Giovanni,7AD14,Italia,Puglia,9,22,00,9,198,00
189,2019-10-07,31,Giovanni,7AD14,Italia,Puglia,21,12,40,23,285,20
189,2019-10-07,31,Giovanni,7AD14,Italia,Puglia,27,7,45,31,230,95
190,2019-06-06,32,Maria,D252B,Italia,Puglia,27,11,20,34,380,80
191,2019-01-25,3,Marco,7929A,Italia,Lazio,3,11,20,9,100,80
191,2019-01-25,3,Marco,7929A,Italia,Lazio,16,7,45,5,37,25
191,2019-01-25,3,Marco,7929A,Italia,Lazio,18,14,40,1,14,40
191,2019-01-25,3,Marco,7929A,Italia,Lazio,28,39,40,7,275,80
192,2019-10-19,29,Frank,3D18C,Italia,Lombardia,24,9,20,7,64,40
193,2019-09-24,10,Giovanni,B819C,Italia,Toscana,12,9,65,27,260,55
193,2019-09-24,10,Giovanni,B819C,Italia,Toscana,17,18,00,34,612,00
193,2019-09-24,10,Giovanni,B819C,Italia,Toscana,28,34,80,32,1113,60
193,2019-09-24,10,Giovanni,B819C,Italia,Toscana,30,19,20,28,537,60
194,2019-08-20,4,Giovanna,270BC,Italia,Lazio,2,7,75,14,108,50
194,2019-08-20,4,Giovanna,270BC,Italia,Lazio,17,3,60,43,154,80
194,2019-08-20,4,Giovanna,270BC,Italia,Lazio,20,45,60,25,1140,00
194,2019-08-20,4,Giovanna,270BC,Italia,Lazio,23,36,40,39,1419,60
196,2019-06-10,26,Pino,5D47A,Italia,Lombardia,2,10,00,12,120,00
196,2019-06-10,26,Pino,5D47A,Italia,Lombardia,17,39,40,12,472,80
197,2019-03-24,20,Giovanni,7D5FA,Italia,Piemonte,19,12,50,9,112,50
197,2019-03-24,20,Giovanni,7D5FA,Italia,Piemonte,26,10,00,21,210,00
197,2019-03-24,20,Giovanni,7D5FA,Italia,Piemonte,27,34,80,37,1287,60
197,2019-03-24,20,Giovanni,7D5FA,Italia,Piemonte,29,7,30,23,167,90
198,2019-06-13,10,Giovanni,B819C,Italia,Toscana,3,10,40,38,395,20
198,2019-06-13,10,Giovanni,B819C,Italia,Toscana,5,39,00,32,1248,00
198,2019-06-13,10,Giovanni,B819C,Italia,Toscana,29,11,20,14,156,80
200,2019-07-14,16,Scott,BE788,Italia,Toscana,11,7,45,32,238,40
200,2019-07-14,16,Scott,BE788,Italia,Toscana,27,19,00,36,684,00
201,2019-03-08,40,Giovanni,DC2AF,Italia,Molise,10,17,00,44,748,00
201,2019-03-08,40,Giovanni,DC2AF,Italia,Molise,18,9,65,29,279,85
201,2019-03-08,40,Giovanni,DC2AF,Italia,Molise,19,62,50,23,1437,50
201,2019-03-08,40,Giovanni,DC2AF,Italia,Molise,27,7,75,37,286,75
202,2019-12-09,21,Francesco,D1D69,Italia,Piemonte,1,46,00,27,1242,00
202,2019-12-09,21,Francesco,D1D69,Italia,Piemonte,7,32,80,35,1148,00
202,2019-12-09,21,Francesco,D1D69,Italia,Piemonte,8,20,00,23,460,00
202,2019-12-09,21,Francesco,D1D69,Italia,Piemonte,12,25,00,28,700,00
202,2019-12-09,21,Francesco,D1D69,Italia,Piemonte,14,18,00,42,756,00
203,2019-04-14,17,Nicola,E9BF9,Italia,Toscana,5,49,30,43,2119,90
203,2019-04-14,17,Nicola,E9BF9,Italia,Toscana,8,26,60,37,984,20
203,2019-04-14,17,Nicola,E9BF9,Italia,Toscana,10,21,50,22,473,00
203,2019-04-14,17,Nicola,E9BF9,Italia,Toscana,27,19,50,9,175,50
204,2019-09-20,39,Maria,7498F,Italia,Molise,1,14,00,34,476,00
204,2019-09-20,39,Maria,7498F,Italia,Molise,9,18,00,38,684,00
204,2019-09-20,39,Maria,7498F,Italia,Molise,11,19,00,10,190,00
204,2019-09-20,39,Maria,7498F,Italia,Molise,12,34,00,6,204,00
204,2019-09-20,39,Maria,7498F,Italia,Molise,24,7,00,32,224,00
204,2019-09-20,39,Maria,7498F,Italia,Molise,28,19,00,2,38,00
205,2019-10-24,35,Giovanni,A1B14,Italia,Molise,15,17,45,44,767,80
206,2019-03-07,26,Pino,5D47A,Italia,Lombardia,2,44,00,34,1496,00
206,2019-03-07,26,Pino,5D47A,Italia,Lombardia,16,9,00,11,99,00
207,2019-06-22,29,Frank,3D18C,Italia,Lombardia,5,9,50,15,142,50
207,2019-06-22,29,Frank,3D18C,Italia,Lombardia,11,18,40,18,331,20
207,2019-06-22,29,Frank,3D18C,Italia,Lombardia,20,34,80,11,382,80
208,2019-12-03,12,Giuseppe,BF519,Italia,Toscana,6,13,90,43,597,70
209,2019-05-08,9,Grazie,8F540,Italia,Sicilia,8,17,45,18,314,10
209,2019-05-08,9,Grazie,8F540,Italia,Sicilia,11,19,50,15,292,50
209,2019-05-08,9,Grazie,8F540,Italia,Sicilia,23,36,00,50,1800,00
209,2019-05-08,9,Grazie,8F540,Italia,Sicilia,24,17,00,24,408,00
210,2019-10-08,34,Mino,75332,Italia,Puglia,3,35,10,2,70,20
210,2019-10-08,34,Mino,75332,Italia,Puglia,6,30,40,20,608,00
210,2019-10-08,34,Mino,75332,Italia,Puglia,12,19,00,21,399,00
210,2019-10-08,34,Mino,75332,Italia,Puglia,21,15,50,1,15,50
210,2019-10-08,34,Mino,75332,Italia,Puglia,26,7,30,23,167,90
210,2019-10-08,34,Mino,75332,Italia,Puglia,28,34,00,3,102,00
211,2019-10-23,40,Giovanni,DC2AF,Italia,Molise,6,25,60,20,512,00
212,2019-04-12,36,Maria,0F0FF,Italia,Molise,2,38,00,50,1900,00
212,2019-04-12,36,Maria,0F0FF,Italia,Molise,3,36,80,13,478,40
212,2019-04-12,36,Maria,0F0FF,Italia,Molise,5,17,00,42,714,00
212,2019-04-12,36,Maria,0F0FF,Italia,Molise,7,7,75,31,240,25
212,2019-04-12,36,Maria,0F0FF,Italia,Molise,11,18,00,44,792,00
212,2019-04-12,36,Maria,0F0FF,Italia,Molise,24,24,00,7,168,00
213,2019-01-07,40,Giovanni,DC2AF,Italia,Molise,23,33,25,13,432,25
214,2019-07-24,32,Maria,D252B,Italia,Puglia,6,36,40,1,36,40
214,2019-07-24,32,Maria,D252B,Italia,Puglia,12,18,00,2,36,00
214,2019-07-24,32,Maria,D252B,Italia,Puglia,15,3,60,2,7,20
214,2019-07-24,32,Maria,D252B,Italia,Puglia,16,2,50,12,30,00
214,2019-07-24,32,Maria,D252B,Italia,Puglia,17,39,00,50,1950,00
214,2019-07-24,32,Maria,D252B,Italia,Puglia,19,13,00,20,260,00
214,2019-07-24,32,Maria,D252B,Italia,Puglia,28,18,40,42,772,80
214,2019-07-24,32,Maria,D252B,Italia,Puglia,30,18,60,9,167,40
215,2019-02-22,5,Alice,C5B4D,Italia,Sicilia,2,2,50,38,95,00
215,2019-02-22,5,Alice,C5B4D,Italia,Sicilia,18,13,00,6,78,00
215,2019-02-22,5,Alice,C5B4D,Italia,Sicilia,20,14,00,16,224,00
215,2019-02-22,5,Alice,C5B4D,Italia,Sicilia,21,4,50,40,180,00
216,2019-04-23,18,Fabio,5E4AA,Italia,Toscana,8,21,00,27,567,00
216,2019-04-23,18,Fabio,5E4AA,Italia,Toscana,17,12,00,24,288,00
216,2019-04-23,18,Fabio,5E4AA,Italia,Toscana,20,55,00,10,550,00
216,2019-04-23,18,Fabio,5E4AA,Italia,Toscana,26,4,50,12,54,00
218,2019-02-21,32,Maria,D252B,Italia,Puglia,13,43,90,26,1141,40
218,2019-02-21,32,Maria,D252B,Italia,Puglia,21,36,40,2,72,80
219,2019-05-19,5,Alice,C5B4D,Italia,Sicilia,6,15,50,25,387,50
219,2019-05-19,5,Alice,C5B4D,Italia,Sicilia,14,12,50,26,325,00
219,2019-05-19,5,Alice,C5B4D,Italia,Sicilia,18,19,00,6,114,00
220,2019-01-23,38,Mario,86498,Italia,Molise,18,19,00,49,931,00
220,2019-01-23,38,Mario,86498,Italia,Molise,21,81,00,24,1944,00
221,2019-04-21,37,Luigi,9C975,Italia,Molise,7,19,50,3,58,50
221,2019-04-21,37,Luigi,9C975,Italia,Molise,14,10,00,32,320,00
221,2019-04-21,37,Luigi,9C975,Italia,Molise,24,19,00,11,209,00
222,2019-03-16,23,Maria,F3C15,Italia,Piemonte,16,22,00,32,704,00
222,2019-03-16,23,Maria,F3C15,Italia,Piemonte,21,20,70,45,931,50
222,2019-03-16,23,Maria,F3C15,Italia,Piemonte,24,9,65,1,9,65
222,2019-03-16,23,Maria,F3C15,Italia,Piemonte,27,9,20,27,248,40
223,2019-08-07,16,Scott,BE788,Italia,Toscana,4,30,00,39,1170,00
223,2019-08-07,16,Scott,BE788,Italia,Toscana,10,34,00,44,1496,00
223,2019-08-07,16,Scott,BE788,Italia,Toscana,13,12,50,7,87,50
223,2019-08-07,16,Scott,BE788,Italia,Toscana,21,16,80,40,672,00
225,2019-07-22,13,Francesco,E487B,Italia,Toscana,6,4,50,48,216,00
225,2019-07-22,13,Francesco,E487B,Italia,Toscana,10,18,00,2,36,00
225,2019-07-22,13,Francesco,E487B,Italia,Toscana,16,26,00,40,1040,00
225,2019-07-22,13,Francesco,E487B,Italia,Toscana,29,21,00,20,420,00
226,2019-01-25,3,Marco,7929A,Italia,Lazio,17,55,00,25,1375,00
226,2019-01-25,3,Marco,7929A,Italia,Lazio,27,53,00,32,1696,00
227,2019-05-27,23,Maria,F3C15,Italia,Piemonte,5,18,00,48,864,00
227,2019-05-27,23,Maria,F3C15,Italia,Piemonte,12,15,20,3,45,60
227,2019-05-27,23,Maria,F3C15,Italia,Piemonte,18,38,00,23,874,00
227,2019-05-27,23,Maria,F3C15,Italia,Piemonte,20,9,65,1,9,65
227,2019-05-27,23,Maria,F3C15,Italia,Piemonte,22,19,50,30,585,00
228,2019-11-11,5,Alice,C5B4D,Italia,Sicilia,19,45,60,31,1413,60
229,2019-04-04,5,Alice,C5B4D,Italia,Sicilia,2,10,00,7,70,00
229,2019-04-04,5,Alice,C5B4D,Italia,Sicilia,8,36,80,2,73,60
229,2019-04-04,5,Alice,C5B4D,Italia,Sicilia,9,21,50,33,709,50
229,2019-04-04,5,Alice,C5B4D,Italia,Sicilia,21,21,00,31,651,00
229,2019-04-04,5,Alice,C5B4D,Italia,Sicilia,27,5,90,43,253,70
229,2019-04-04,5,Alice,C5B4D,Italia,Sicilia,28,19,00,42,798,00
230,2019-07-11,15,Giovanni,964A8,Italia,Toscana,8,10,60,12,127,20
230,2019-07-11,15,Giovanni,964A8,Italia,Toscana,20,18,40,31,570,40
230,2019-07-11,15,Giovanni,964A8,Italia,Toscana,29,24,00,8,192,00
231,2019-11-23,38,Mario,86498,Italia,Molise,9,38,00,27,1026,00
231,2019-11-23,38,Mario,86498,Italia,Molise,10,6,00,27,162,00
231,2019-11-23,38,Mario,86498,Italia,Molise,12,10,00,22,220,00
231,2019-11-23,38,Mario,86498,Italia,Molise,15,50,00,45,2250,00
231,2019-11-23,38,Mario,86498,Italia,Molise,18,21,50,25,537,50
231,2019-11-23,38,Mario,86498,Italia,Molise,19,2,50,11,27,50
232,2019-10-13,19,Fabrizio,135D4,Italia,Toscana,20,33,25,44,1463,00
232,2019-10-13,19,Fabrizio,135D4,Italia,Toscana,22,13,00,25,325,00
232,2019-10-13,19,Fabrizio,135D4,Italia,Toscana,26,49,30,20,986,00
233,2019-07-18,7,Irene,AE2C7,Italia,Sicilia,1,15,00,38,570,00
233,2019-07-18,7,Irene,AE2C7,Italia,Sicilia,6,7,70,10,77,00
233,2019-07-18,7,Irene,AE2C7,Italia,Sicilia,7,7,30,12,87,60
234,2019-03-18,30,Seth,4C72C,Italia,Puglia,4,28,80,45,1296,00
235,2019-02-25,35,Giovanni,A1B14,Italia,Molise,1,24,00,32,768,00
235,2019-02-25,35,Giovanni,A1B14,Italia,Molise,2,15,20,37,562,40
235,2019-02-25,35,Giovanni,A1B14,Italia,Molise,7,17,45,28,488,60
236,2019-06-04,33,Nello,6E40C,Italia,Puglia,6,16,80,24,403,20
236,2019-06-04,33,Nello,6E40C,Italia,Puglia,17,43,90,30,1317,00
236,2019-06-04,33,Nello,6E40C,Italia,Puglia,27,62,50,48,3000,00
236,2019-06-04,33,Nello,6E40C,Italia,Puglia,30,14,00,38,532,00
237,2019-01-12,33,Nello,6E40C,Italia,Puglia,2,18,00,21,378,00
237,2019-01-12,33,Nello,6E40C,Italia,Puglia,6,20,70,40,828,00
237,2019-01-12,33,Nello,6E40C,Italia,Puglia,22,33,25,27,897,75
237,2019-01-12,33,Nello,6E40C,Italia,Puglia,28,46,00,47,2162,00
238,2019-08-14,5,Alice,C5B4D,Italia,Sicilia,2,7,75,28,217,00
238,2019-08-14,5,Alice,C5B4D,Italia,Sicilia,13,14,00,14,196,00
239,2019-09-28,34,Mino,75332,Italia,Puglia,24,24,90,8,199,20
241,2019-05-24,4,Giovanna,270BC,Italia,Lazio,3,15,20,17,258,40
241,2019-05-24,4,Giovanna,270BC,Italia,Lazio,18,11,20,50,560,00
241,2019-05-24,4,Giovanna,270BC,Italia,Lazio,22,14,00,20,280,00
242,2019-08-22,40,Giovanni,DC2AF,Italia,Molise,17,7,45,50,372,50
242,2019-08-22,40,Giovanni,DC2AF,Italia,Molise,20,22,00,27,594,00
243,2019-08-28,36,Maria,0F0FF,Italia,Molise,14,4,50,31,139,50
243,2019-08-28,36,Maria,0F0FF,Italia,Molise,25,18,00,28,504,00
244,2019-06-13,16,Scott,BE788,Italia,Toscana,5,21,00,8,168,00
244,2019-06-13,16,Scott,BE788,Italia,Toscana,7,18,60,28,520,80
244,2019-06-13,16,Scott,BE788,Italia,Toscana,28,15,00,9,135,00
245,2019-11-10,26,Pino,5D47A,Italia,Lombardia,4,263,50,22,5797,00
245,2019-11-10,26,Pino,5D47A,Italia,Lombardia,10,18,00,30,540,00
245,2019-11-10,26,Pino,5D47A,Italia,Lombardia,13,21,05,6,126,30
245,2019-11-10,26,Pino,5D47A,Italia,Lombardia,16,14,00,33,462,00
245,2019-11-10,26,Pino,5D47A,Italia,Lombardia,22,27,80,16,444,80
245,2019-11-10,26,Pino,5D47A,Italia,Lombardia,28,17,45,11,191,95
246,2019-04-13,18,Fabio,5E4AA,Italia,Toscana,6,14,00,5,70,00
246,2019-04-13,18,Fabio,5E4AA,Italia,Toscana,15,9,20,37,340,40
246,2019-04-13,18,Fabio,5E4AA,Italia,Toscana,19,9,50,1,9,50
246,2019-04-13,18,Fabio,5E4AA,Italia,Toscana,26,12,00,47,564,00
246,2019-04-13,18,Fabio,5E4AA,Italia,Toscana,29,18,00,16,288,00
246,2019-04-13,18,Fabio,5E4AA,Italia,Toscana,30,27,20,50,1360,00
247,2019-11-16,24,Marina,C8229,Italia,Piemonte,1,43,90,35,1536,50
247,2019-11-16,24,Marina,C8229,Italia,Piemonte,8,15,00,50,750,00
247,2019-11-16,24,Marina,C8229,Italia,Piemonte,9,18,00,39,702,00
247,2019-11-16,24,Marina,C8229,Italia,Piemonte,10,62,50,33,2062,50
247,2019-11-16,24,Marina,C8229,Italia,Piemonte,12,36,00,32,1152,00
248,2019-12-15,32,Maria,D252B,Italia,Puglia,8,12,50,33,412,50
248,2019-12-15,32,Maria,D252B,Italia,Puglia,10,17,45,47,820,15
248,2019-12-15,32,Maria,D252B,Italia,Puglia,16,14,70,39,573,30
248,2019-12-15,32,Maria,D252B,Italia,Puglia,17,21,05,42,884,10
248,2019-12-15,32,Maria,D252B,Italia,Puglia,30,10,60,5,53,00
249,2019-03-27,2,Giovanni,A83C2,Italia,Lazio,21,9,50,17,161,50
249,2019-03-27,2,Giovanni,A83C2,Italia,Lazio,25,10,00,13,130,00
250,2019-08-19,15,Giovanni,964A8,Italia,Toscana,6,19,00,47,893,00
250,2019-08-19,15,Giovanni,964A8,Italia,Toscana,10,10,00,44,440,00
250,2019-08-19,15,Giovanni,964A8,Italia,Toscana,15,46,00,20,920,00
251,2019-07-22,18,Fabio,5E4AA,Italia,Toscana,3,21,05,36,757,80
251,2019-07-22,18,Fabio,5E4AA,Italia,Toscana,7,39,00,46,1794,00
251,2019-07-22,18,Fabio,5E4AA,Italia,Toscana,14,11,20,14,156,80
251,2019-07-22,18,Fabio,5E4AA,Italia,Toscana,16,34,00,8,272,00
252,2019-09-09,4,Giovanna,270BC,Italia,Lazio,4,13,00,2,26,00
252,2019-09-09,4,Giovanna,270BC,Italia,Lazio,28,2,00,32,64,00
253,2019-08-21,20,Giovanni,7D5FA,Italia,Piemonte,27,12,50,9,112,50
254,2019-03-02,17,Nicola,E9BF9,Italia,Toscana,20,53,00,36,1908,00
255,2019-12-11,31,Giovanni,7AD14,Italia,Puglia,2,18,00,34,612,00
255,2019-12-11,31,Giovanni,7AD14,Italia,Puglia,10,21,50,10,215,00
255,2019-12-11,31,Giovanni,7AD14,Italia,Puglia,11,18,40,25,460,00
255,2019-12-11,31,Giovanni,7AD14,Italia,Puglia,15,28,50,1,28,50
256,2019-03-17,23,Maria,F3C15,Italia,Piemonte,20,17,00,6,102,00
257,2019-12-14,39,Maria,7498F,Italia,Molise,5,14,70,13,191,10
257,2019-12-14,39,Maria,7498F,Italia,Molise,11,45,60,7,319,20
257,2019-12-14,39,Maria,7498F,Italia,Molise,23,21,00,23,483,00
257,2019-12-14,39,Maria,7498F,Italia,Molise,25,18,00,9,162,00
257,2019-12-14,39,Maria,7498F,Italia,Molise,26,18,40,40,736,00
258,2019-11-11,38,Mario,86498,Italia,Molise,15,19,00,27,513,00
258,2019-11-11,38,Mario,86498,Italia,Molise,27,18,00,28,504,00
259,2019-04-07,12,Giuseppe,BF519,Italia,Toscana,6,21,00,24,504,00
259,2019-04-07,12,Giuseppe,BF519,Italia,Toscana,16,19,20,27,518,40
259,2019-04-07,12,Giuseppe,BF519,Italia,Toscana,23,43,90,49,2151,10
259,2019-04-07,12,Giuseppe,BF519,Italia,Toscana,25,44,00,41,1804,00
259,2019-04-07,12,Giuseppe,BF519,Italia,Toscana,28,30,00,8,240,00
259,2019-04-07,12,Giuseppe,BF519,Italia,Toscana,30,97,00,22,2134,00
261,2019-02-22,19,Fabrizio,135D4,Italia,Toscana,5,25,89,32,828,48
261,2019-02-22,19,Fabrizio,135D4,Italia,Toscana,6,15,50,45,697,50
261,2019-02-22,19,Fabrizio,135D4,Italia,Toscana,25,15,00,39,585,00
262,2019-08-14,26,Pino,5D47A,Italia,Lombardia,11,32,80,1,32,80
262,2019-08-14,26,Pino,5D47A,Italia,Lombardia,16,39,00,20,780,00
263,2019-01-01,18,Fabio,5E4AA,Italia,Toscana,1,28,80,48,1382,40
263,2019-01-01,18,Fabio,5E4AA,Italia,Toscana,4,55,00,7,385,00
263,2019-01-01,18,Fabio,5E4AA,Italia,Toscana,15,26,20,29,759,80
263,2019-01-01,18,Fabio,5E4AA,Italia,Toscana,28,9,00,24,216,00
264,2019-09-18,21,Francesco,D1D69,Italia,Piemonte,1,14,00,49,686,00
264,2019-09-18,21,Francesco,D1D69,Italia,Piemonte,2,28,80,5,144,00
264,2019-09-18,21,Francesco,D1D69,Italia,Piemonte,5,24,90,25,622,50
264,2019-09-18,21,Francesco,D1D69,Italia,Piemonte,9,6,00,40,240,00
265,2019-02-10,30,Seth,4C72C,Italia,Puglia,11,31,23,15,468,45
265,2019-02-10,30,Seth,4C72C,Italia,Puglia,13,26,60,50,1330,00
265,2019-02-10,30,Seth,4C72C,Italia,Puglia,14,19,00,20,380,00
265,2019-02-10,30,Seth,4C72C,Italia,Puglia,28,27,20,34,924,80
266,2019-05-11,19,Fabrizio,135D4,Italia,Toscana,6,7,20,22,158,40
266,2019-05-11,19,Fabrizio,135D4,Italia,Toscana,9,28,50,35,997,50
266,2019-05-11,19,Fabrizio,135D4,Italia,Toscana,14,15,60,17,265,20
266,2019-05-11,19,Fabrizio,135D4,Italia,Toscana,18,42,40,1,42,40
266,2019-05-11,19,Fabrizio,135D4,Italia,Toscana,22,19,00,33,627,00
267,2019-09-04,12,Giuseppe,BF519,Italia,Toscana,2,5,90,16,94,40
267,2019-09-04,12,Giuseppe,BF519,Italia,Toscana,17,24,00,46,1104,00
267,2019-09-04,12,Giuseppe,BF519,Italia,Toscana,24,13,60,49,666,40
268,2019-02-02,18,Fabio,5E4AA,Italia,Toscana,2,6,20,22,136,40
268,2019-02-02,18,Fabio,5E4AA,Italia,Toscana,12,263,50,9,2371,50
269,2019-05-26,39,Maria,7498F,Italia,Molise,30,12,50,16,200,00
270,2019-05-16,25,Cristina,480D8,Italia,Lombardia,2,19,45,17,330,65
270,2019-05-16,25,Cristina,480D8,Italia,Lombardia,13,15,50,45,697,50
270,2019-05-16,25,Cristina,480D8,Italia,Lombardia,29,34,00,17,578,00
273,2019-12-21,37,Luigi,9C975,Italia,Molise,26,12,50,40,500,00
274,2019-12-24,2,Giovanni,A83C2,Italia,Lazio,1,14,40,3,43,20
274,2019-12-24,2,Giovanni,A83C2,Italia,Lazio,3,45,60,46,2097,60
274,2019-12-24,2,Giovanni,A83C2,Italia,Lazio,5,30,00,44,1320,00
274,2019-12-24,2,Giovanni,A83C2,Italia,Lazio,19,19,20,4,76,80
274,2019-12-24,2,Giovanni,A83C2,Italia,Lazio,22,21,00,27,567,00
275,2019-03-01,1,Nicola,5CF71,Francia,,7,19,00,32,608,00
275,2019-03-01,1,Nicola,5CF71,Francia,,10,10,00,20,200,00
275,2019-03-01,1,Nicola,5CF71,Francia,,14,55,00,8,440,00
276,2019-10-13,36,Maria,0F0FF,Italia,Molise,5,13,25,36,477,00
276,2019-10-13,36,Maria,0F0FF,Italia,Molise,7,9,50,2,19,00
276,2019-10-13,36,Maria,0F0FF,Italia,Molise,12,24,00,17,408,00
276,2019-10-13,36,Maria,0F0FF,Italia,Molise,19,12,50,13,162,50
277,2019-10-14,15,Giovanni,964A8,Italia,Toscana,9,21,00,44,924,00
277,2019-10-14,15,Giovanni,964A8,Italia,Toscana,14,12,75,47,599,25
277,2019-10-14,15,Giovanni,964A8,Italia,Toscana,20,26,60,35,931,00
277,2019-10-14,15,Giovanni,964A8,Italia,Toscana,21,7,60,18,136,80
278,2019-11-13,6,Fabrizio,8A9FD,Italia,Sicilia,5,14,40,43,619,20
278,2019-11-13,6,Fabrizio,8A9FD,Italia,Sicilia,10,43,90,33,1448,70
278,2019-11-13,6,Fabrizio,8A9FD,Italia,Sicilia,27,18,00,11,198,00
278,2019-11-13,6,Fabrizio,8A9FD,Italia,Sicilia,29,24,80,18,446,40
279,2019-12-28,29,Frank,3D18C,Italia,Lombardia,4,263,50,10,2635,00
279,2019-12-28,29,Frank,3D18C,Italia,Lombardia,9,25,00,25,625,00
279,2019-12-28,29,Frank,3D18C,Italia,Lombardia,11,18,60,1,18,60
279,2019-12-28,29,Frank,3D18C,Italia,Lombardia,13,31,00,16,496,00
279,2019-12-28,29,Frank,3D18C,Italia,Lombardia,18,11,20,42,470,40
279,2019-12-28,29,Frank,3D18C,Italia,Lombardia,24,21,05,16,336,80
279,2019-12-28,29,Frank,3D18C,Italia,Lombardia,30,10,00,36,360,00
280,2019-02-05,8,Maria,31C3C,Italia,Sicilia,3,31,00,42,1302,00
280,2019-02-05,8,Maria,31C3C,Italia,Sicilia,17,16,80,17,285,60
280,2019-02-05,8,Maria,31C3C,Italia,Sicilia,22,9,00,11,99,00
280,2019-02-05,8,Maria,31C3C,Italia,Sicilia,26,38,00,3,114,00
281,2019-06-18,31,Giovanni,7AD14,Italia,Puglia,21,10,00,12,120,00
281,2019-06-18,31,Giovanni,7AD14,Italia,Puglia,28,18,00,2,36,00
282,2019-10-25,22,Franca,83570,Italia,Piemonte,2,49,30,38,1873,40
282,2019-10-25,22,Franca,83570,Italia,Piemonte,17,62,50,48,3000,00
282,2019-10-25,22,Franca,83570,Italia,Piemonte,22,32,80,27,885,60
283,2019-04-15,16,Scott,BE788,Italia,Toscana,4,21,00,39,819,00
283,2019-04-15,16,Scott,BE788,Italia,Toscana,14,46,00,41,1886,00
283,2019-04-15,16,Scott,BE788,Italia,Toscana,17,21,00,9,189,00
283,2019-04-15,16,Scott,BE788,Italia,Toscana,27,12,50,19,237,50
284,2019-10-07,21,Francesco,D1D69,Italia,Piemonte,1,6,00,48,288,00
284,2019-10-07,21,Francesco,D1D69,Italia,Piemonte,4,27,20,28,761,60
284,2019-10-07,21,Francesco,D1D69,Italia,Piemonte,7,18,00,24,432,00
284,2019-10-07,21,Francesco,D1D69,Italia,Piemonte,13,18,00,31,558,00
284,2019-10-07,21,Francesco,D1D69,Italia,Piemonte,18,9,65,47,453,55
284,2019-10-07,21,Francesco,D1D69,Italia,Piemonte,23,8,00,17,136,00
285,2019-10-24,36,Maria,0F0FF,Italia,Molise,16,30,40,49,1489,60
286,2019-09-05,6,Fabrizio,8A9FD,Italia,Sicilia,12,81,00,5,405,00
287,2019-03-27,31,Giovanni,7AD14,Italia,Puglia,1,18,00,9,162,00
287,2019-03-27,31,Giovanni,7AD14,Italia,Puglia,16,23,25,18,418,50
288,2019-03-26,39,Maria,7498F,Italia,Molise,6,14,40,31,446,40
288,2019-03-26,39,Maria,7498F,Italia,Molise,22,7,00,2,14,00
289,2019-12-19,8,Maria,31C3C,Italia,Sicilia,7,11,20,9,100,80
289,2019-12-19,8,Maria,31C3C,Italia,Sicilia,10,7,00,14,98,00
289,2019-12-19,8,Maria,31C3C,Italia,Sicilia,14,13,25,22,291,50
289,2019-12-19,8,Maria,31C3C,Italia,Sicilia,16,49,30,20,986,00
289,2019-12-19,8,Maria,31C3C,Italia,Sicilia,20,62,50,34,2125,00
290,2019-01-01,16,Scott,BE788,Italia,Toscana,21,34,00,15,510,00
291,2019-08-23,21,Francesco,D1D69,Italia,Piemonte,19,21,50,10,215,00
292,2019-09-26,5,Alice,C5B4D,Italia,Sicilia,8,5,90,10,59,00
293,2019-09-10,12,Giuseppe,BF519,Italia,Toscana,6,21,05,13,273,65
293,2019-09-10,12,Giuseppe,BF519,Italia,Toscana,24,18,00,19,342,00
294,2019-05-25,40,Giovanni,DC2AF,Italia,Molise,1,38,00,17,646,00
294,2019-05-25,40,Giovanni,DC2AF,Italia,Molise,24,18,00,40,720,00
295,2019-03-22,14,Mike,09070,Italia,Toscana,12,6,00,45,270,00
295,2019-03-22,14,Mike,09070,Italia,Toscana,14,13,60,21,285,60
295,2019-03-22,14,Mike,09070,Italia,Toscana,15,14,00,43,602,00
295,2019-03-22,14,Mike,09070,Italia,Toscana,18,46,00,6,276,00
295,2019-03-22,14,Mike,09070,Italia,Toscana,26,23,25,26,604,50
296,2019-09-25,26,Pino,5D47A,Italia,Lombardia,15,19,00,49,931,00
296,2019-09-25,26,Pino,5D47A,Italia,Lombardia,17,15,20,22,334,40
297,2019-06-05,31,Giovanni,7AD14,Italia,Puglia,3,36,80,24,883,20
297,2019-06-05,31,Giovanni,7AD14,Italia,Puglia,4,10,40,44,457,60
297,2019-06-05,31,Giovanni,7AD14,Italia,Puglia,13,21,50,24,516,00
297,2019-06-05,31,Giovanni,7AD14,Italia,Puglia,16,55,00,5,275,00
298,2019-08-19,29,Frank,3D18C,Italia,Lombardia,1,11,20,40,448,00
298,2019-08-19,29,Frank,3D18C,Italia,Lombardia,5,9,50,48,456,00
298,2019-08-19,29,Frank,3D18C,Italia,Lombardia,6,31,23,26,811,98
298,2019-08-19,29,Frank,3D18C,Italia,Lombardia,24,24,00,4,96,00
299,2019-08-27,9,Grazie,8F540,Italia,Sicilia,3,9,20,31,285,20
299,2019-08-27,9,Grazie,8F540,Italia,Sicilia,7,28,80,15,432,00
299,2019-08-27,9,Grazie,8F540,Italia,Sicilia,12,30,00,39,1170,00
300,2019-05-01,26,Pino,5D47A,Italia,Lombardia,5,7,00,5,35,00
300,2019-05-01,26,Pino,5D47A,Italia,Lombardia,9,36,00,25,900,00
300,2019-05-01,26,Pino,5D47A,Italia,Lombardia,11,9,50,40,380,00
300,2019-05-01,26,Pino,5D47A,Italia,Lombardia,12,53,00,25,1325,00
